Run,ReleaseDate,LoadDate,spots,bases,spots_with_mates,avgLength,size_MB,AssemblyName,download_path,Experiment,LibraryName,LibraryStrategy,LibrarySelection,LibrarySource,LibraryLayout,InsertSize,InsertDev,Platform,Model,SRAStudy,BioProject,Study_Pubmed_id,ProjectID,Sample,BioSample,SampleType,TaxID,ScientificName,SampleName,g1k_pop_code,source,g1k_analysis_group,Subject_ID,Sex,Disease,Tumor,Affection_Status,Analyte_Type,Histological_Type,Body_Site,CenterName,Submission,dbgap_study_accession,Consent,RunHash,ReadHash
SRR5077625,2017-01-19 16:25:49,2016-12-05 15:54:01,26402249,1320112450,0,50,1890,,https://sra-downloadb.be-md.ncbi.nlm.nih.gov/sos5/sra-pub-zq-14/SRR005/077/SRR5077625.sralite.1,SRX2396368,,ChIP-Seq,ChIP,GENOMIC,SINGLE,0,0,ILLUMINA,Illumina Genome Analyzer,SRP094580,PRJNA356297,2,356297,SRS1837486,SAMN06111594,simple,10090,Mus musculus,GSM2417077,,,,,,,no,,,,,GEO,SRA500853,,public,841F63949C8E3DEF38523B135B70290E,2A9BBC09AF6F557C4268E884E8543228
SRR5077626,2017-01-19 16:25:49,2016-12-05 16:00:59,54740120,2737006000,0,50,2780,,https://sra-downloadb.be-md.ncbi.nlm.nih.gov/sos5/sra-pub-zq-14/SRR005/077/SRR5077626.sralite.1,SRX2396369,,ChIP-Seq,ChIP,GENOMIC,SINGLE,0,0,ILLUMINA,Illumina Genome Analyzer,SRP094580,PRJNA356297,2,356297,SRS1837487,SAMN06111593,simple,10090,Mus musculus,GSM2417078,,,,,,,no,,,,,GEO,SRA500853,,public,B625CBD7F038A4EAD93CF3C781DE510C,A9FD16129F4882E260DED3728EA218DA
SRR5077627,2017-01-19 16:25:49,2016-12-05 16:01:06,18430128,921506400,0,50,1484,,https://sra-downloadb.be-md.ncbi.nlm.nih.gov/sos5/sra-pub-zq-14/SRR005/077/SRR5077627.sralite.1,SRX2396370,,ChIP-Seq,ChIP,GENOMIC,SINGLE,0,0,ILLUMINA,Illumina Genome Analyzer,SRP094580,PRJNA356297,2,356297,SRS1837488,SAMN06111592,simple,10090,Mus musculus,GSM2417079,,,,,,,no,,,,,GEO,SRA500853,,public,43AFB8E57A3E52D98B092608331BDF08,E59187302722402A70A8CD1262B53A50
SRR5077628,2017-01-19 16:25:49,2016-12-05 16:01:49,42619070,2130953500,0,50,3372,,https://sra-downloadb.be-md.ncbi.nlm.nih.gov/sos5/sra-pub-zq-14/SRR005/077/SRR5077628.sralite.1,SRX2396371,,ChIP-Seq,ChIP,GENOMIC,SINGLE,0,0,ILLUMINA,Illumina Genome Analyzer,SRP094580,PRJNA356297,2,356297,SRS1837489,SAMN06111591,simple,10090,Mus musculus,GSM2417080,,,,,,,no,,,,,GEO,SRA500853,,public,9A049B4BC2BFF498D9C55D74986AAA20,DA32F1CED1211546AF2CDFDD3192D79A
SRR5077629,2017-01-19 16:25:49,2016-12-07 10:22:48,142015382,7110653557,0,50,10469,,https://sra-downloadb.be-md.ncbi.nlm.nih.gov/sos5/sra-pub-zq-14/SRR005/077/SRR5077629.sralite.1,SRX2396372,,ChIP-Seq,ChIP,GENOMIC,SINGLE,0,0,ILLUMINA,Illumina Genome Analyzer,SRP094580,PRJNA356297,2,356297,SRS1837490,SAMN06111590,simple,10090,Mus musculus,GSM2417081,,,,,,,no,,,,,GEO,SRA500853,,public,B8F69E49E4DCF60E9FEC956151108399,A44BC56BF3CFFF4A67D3B3317F6D6CE3
SRR5077630,2017-01-19 16:25:49,2016-12-07 10:23:07,149987471,7513479004,0,50,10489,,https://sra-downloadb.be-md.ncbi.nlm.nih.gov/sos5/sra-pub-zq-14/SRR005/077/SRR5077630.sralite.1,SRX2396373,,ChIP-Seq,ChIP,GENOMIC,SINGLE,0,0,ILLUMINA,Illumina Genome Analyzer,SRP094580,PRJNA356297,2,356297,SRS1837491,SAMN06111595,simple,10090,Mus musculus,GSM2417082,,,,,,,no,,,,,GEO,SRA500853,,public,8188C752E9B77E23D98EB823EFB23D76,90AC64DC4A2A60C82D70F5D0DB9127EB
SRR5077631,2017-01-19 16:25:49,2016-12-05 16:05:39,59414002,2970700100,0,50,4116,,https://sra-downloadb.be-md.ncbi.nlm.nih.gov/sos5/sra-pub-zq-14/SRR005/077/SRR5077631.sralite.1,SRX2396374,,ChIP-Seq,ChIP,GENOMIC,SINGLE,0,0,ILLUMINA,Illumina Genome Analyzer,SRP094580,PRJNA356297,2,356297,SRS1837492,SAMN06111535,simple,10090,Mus musculus,GSM2417083,,,,,,,no,,,,,GEO,SRA500853,,public,CCDBEF922195FDE71122C5B4F248C6E1,E04D087971C2B59EADF63BCCE8890716
SRR5077632,2017-01-19 16:25:49,2016-12-05 16:05:02,95159199,4757959950,0,50,6941,,https://sra-downloadb.be-md.ncbi.nlm.nih.gov/sos5/sra-pub-zq-14/SRR005/077/SRR5077632.sralite.1,SRX2396375,,ChIP-Seq,ChIP,GENOMIC,SINGLE,0,0,ILLUMINA,Illumina Genome Analyzer,SRP094580,PRJNA356297,2,356297,SRS1837493,SAMN06111646,simple,10090,Mus musculus,GSM2417084,,,,,,,no,,,,,GEO,SRA500853,,public,E2BEB3F9A5F71196E669EB30DB65C6E7,C7253A954D79A2E8913A51BEF2D8DA54
SRR5077633,2017-01-19 16:25:49,2016-12-07 10:20:49,121111087,6095346884,0,50,7549,,https://sra-downloadb.be-md.ncbi.nlm.nih.gov/sos5/sra-pub-zq-14/SRR005/077/SRR5077633.sralite.1,SRX2396376,,ChIP-Seq,ChIP,GENOMIC,SINGLE,0,0,ILLUMINA,Illumina Genome Analyzer,SRP094580,PRJNA356297,2,356297,SRS1837494,SAMN06111645,simple,10090,Mus musculus,GSM2417085,,,,,,,no,,,,,GEO,SRA500853,,public,931A1A74293722DCFA0A313962709AB9,0B8056C4F1E079622E2C90D9D5BC741D
SRR5077634,2017-01-19 16:25:49,2016-12-07 10:36:02,224692594,11283757290,0,50,16113,,https://sra-downloadb.be-md.ncbi.nlm.nih.gov/sos5/sra-pub-zq-14/SRR005/077/SRR5077634.sralite.1,SRX2396377,,ChIP-Seq,ChIP,GENOMIC,SINGLE,0,0,ILLUMINA,Illumina Genome Analyzer,SRP094580,PRJNA356297,2,356297,SRS1837495,SAMN06111644,simple,10090,Mus musculus,GSM2417086,,,,,,,no,,,,,GEO,SRA500853,,public,68574221EBD0D74333B896AAB9DCA25A,B801B52204B82ECB53D2C44BBDE72FE4
SRR5077635,2017-01-19 16:25:49,2016-12-05 16:37:05,128020996,6401049800,0,50,9285,,https://sra-downloadb.be-md.ncbi.nlm.nih.gov/sos5/sra-pub-zq-14/SRR005/077/SRR5077635.sralite.1,SRX2396378,,ChIP-Seq,ChIP,GENOMIC,SINGLE,0,0,ILLUMINA,Illumina Genome Analyzer,SRP094580,PRJNA356297,2,356297,SRS1837496,SAMN06111643,simple,10090,Mus musculus,GSM2417087,,,,,,,no,,,,,GEO,SRA500853,,public,EB521AFB599A1B90763C3584E09D74AC,0A642F0C2F82F9297DF9E615C108B5D0
SRR5077636,2017-01-19 16:25:49,2016-12-05 16:04:31,54573715,2728685750,0,50,3841,,https://sra-downloadb.be-md.ncbi.nlm.nih.gov/sos5/sra-pub-zq-14/SRR005/077/SRR5077636.sralite.1,SRX2396379,,ChIP-Seq,ChIP,GENOMIC,SINGLE,0,0,ILLUMINA,Illumina Genome Analyzer,SRP094580,PRJNA356297,2,356297,SRS1837497,SAMN06111642,simple,10090,Mus musculus,GSM2417088,,,,,,,no,,,,,GEO,SRA500853,,public,0B26647FD26B14FFF2D42A9BBFE75231,E76B1B7BD692E9C3132A2383455941F4
SRR5077637,2017-01-19 16:25:49,2016-12-05 16:43:11,165826771,8291338550,0,50,11539,,https://sra-downloadb.be-md.ncbi.nlm.nih.gov/sos5/sra-pub-zq-14/SRR005/077/SRR5077637.sralite.1,SRX2396380,,ChIP-Seq,ChIP,GENOMIC,SINGLE,0,0,ILLUMINA,Illumina Genome Analyzer,SRP094580,PRJNA356297,2,356297,SRS1837498,SAMN06111641,simple,10090,Mus musculus,GSM2417089,,,,,,,no,,,,,GEO,SRA500853,,public,1EFD24F2744E307EB1B661DAD58FD9B5,A12BD5ADC8E2F3F284A68A553FF92691
SRR5077638,2017-01-19 16:25:49,2016-12-05 15:51:37,14372032,718601600,0,50,736,,https://sra-downloadb.be-md.ncbi.nlm.nih.gov/sos5/sra-pub-zq-14/SRR005/077/SRR5077638.sralite.1,SRX2396381,,ChIP-Seq,ChIP,GENOMIC,SINGLE,0,0,ILLUMINA,Illumina Genome Analyzer,SRP094580,PRJNA356297,2,356297,SRS1837499,SAMN06111640,simple,10090,Mus musculus,GSM2417090,,,,,,,no,,,,,GEO,SRA500853,,public,B70E0F81C3988F3F3AD34CE6C1DC4350,306D3AC750BEDAD67586EDB39D4FAC25
SRR5077639,2017-01-19 16:25:49,2016-12-05 16:03:59,39076799,1953839950,0,50,3095,,https://sra-downloadb.be-md.ncbi.nlm.nih.gov/sos5/sra-pub-zq-14/SRR005/077/SRR5077639.sralite.1,SRX2396382,,ChIP-Seq,ChIP,GENOMIC,SINGLE,0,0,ILLUMINA,Illumina Genome Analyzer,SRP094580,PRJNA356297,2,356297,SRS1837500,SAMN06111639,simple,10090,Mus musculus,GSM2417091,,,,,,,no,,,,,GEO,SRA500853,,public,E01F74DBCC9677CCA50BFD697D623546,DB7D66E4C1CBED4A828EB4ACF2ACECF0
SRR5077640,2017-01-19 16:25:49,2016-12-05 16:01:16,50678666,2533933300,0,50,4010,,https://sra-downloadb.be-md.ncbi.nlm.nih.gov/sos5/sra-pub-zq-14/SRR005/077/SRR5077640.sralite.1,SRX2396383,,ChIP-Seq,ChIP,GENOMIC,SINGLE,0,0,ILLUMINA,Illumina Genome Analyzer,SRP094580,PRJNA356297,2,356297,SRS1837501,SAMN06111638,simple,10090,Mus musculus,GSM2417092,,,,,,,no,,,,,GEO,SRA500853,,public,2F9F9E17432EFB949446728659CD66AA,6A532D0944878DB07C2CDECF1EB906FB
SRR5077641,2017-01-19 16:25:49,2016-12-07 10:22:26,117164051,5886368354,0,50,7678,,https://sra-downloadb.be-md.ncbi.nlm.nih.gov/sos5/sra-pub-zq-14/SRR005/077/SRR5077641.sralite.1,SRX2396384,,ChIP-Seq,ChIP,GENOMIC,SINGLE,0,0,ILLUMINA,Illumina Genome Analyzer,SRP094580,PRJNA356297,2,356297,SRS1837502,SAMN06111637,simple,10090,Mus musculus,GSM2417093,,,,,,,no,,,,,GEO,SRA500853,,public,A93E31BC4D33E257FD83DAECF209FBBE,38623AB28CCB12D195E13EB64504BBC6
SRR5077642,2017-01-19 16:25:49,2016-12-05 16:25:51,138707206,6935360300,0,50,10709,,https://sra-downloadb.be-md.ncbi.nlm.nih.gov/sos5/sra-pub-zq-14/SRR005/077/SRR5077642.sralite.1,SRX2396385,,ChIP-Seq,ChIP,GENOMIC,SINGLE,0,0,ILLUMINA,Illumina Genome Analyzer,SRP094580,PRJNA356297,2,356297,SRS1837503,SAMN06111636,simple,10090,Mus musculus,GSM2417094,,,,,,,no,,,,,GEO,SRA500853,,public,09B28BEE28D80A7A2A64897A3ACC8A04,72AF463BD95B0706440448CA91712501
SRR5077643,2017-01-19 16:25:49,2016-12-05 16:08:14,70880427,3544021350,0,50,4968,,https://sra-downloadb.be-md.ncbi.nlm.nih.gov/sos5/sra-pub-zq-14/SRR005/077/SRR5077643.sralite.1,SRX2396386,,ChIP-Seq,ChIP,GENOMIC,SINGLE,0,0,ILLUMINA,Illumina Genome Analyzer,SRP094580,PRJNA356297,2,356297,SRS1837504,SAMN06111635,simple,10090,Mus musculus,GSM2417095,,,,,,,no,,,,,GEO,SRA500853,,public,1FE904AA11B3D58880B247ECB404E97D,43CCB5AE7CFC2B3205E163A45BB0AFBB
SRR5077644,2017-01-19 16:25:49,2016-12-05 16:03:09,42699958,2134997900,0,50,2965,,https://sra-downloadb.be-md.ncbi.nlm.nih.gov/sos5/sra-pub-zq-14/SRR005/077/SRR5077644.sralite.1,SRX2396387,,ChIP-Seq,ChIP,GENOMIC,SINGLE,0,0,ILLUMINA,Illumina Genome Analyzer,SRP094580,PRJNA356297,2,356297,SRS1837505,SAMN06111634,simple,10090,Mus musculus,GSM2417096,,,,,,,no,,,,,GEO,SRA500853,,public,C81D04753BD2DAD9232BAE92F23D868C,04F844B42799B6A937239E224F0207A3
SRR5077645,2017-01-19 16:25:49,2016-12-05 16:56:57,131644666,6582233300,0,50,10011,,https://sra-downloadb.be-md.ncbi.nlm.nih.gov/sos5/sra-pub-zq-14/SRR005/077/SRR5077645.sralite.1,SRX2396388,,ChIP-Seq,ChIP,GENOMIC,SINGLE,0,0,ILLUMINA,Illumina Genome Analyzer,SRP094580,PRJNA356297,2,356297,SRS1837506,SAMN06111633,simple,10090,Mus musculus,GSM2417097,,,,,,,no,,,,,GEO,SRA500853,,public,F3273536B7B223C3300C826D505A4A09,115407C61581BA4D0A408542E5A3D113
SRR5077646,2017-01-19 16:25:49,2016-12-05 15:59:17,48513695,2425684750,0,50,3346,,https://sra-downloadb.be-md.ncbi.nlm.nih.gov/sos5/sra-pub-zq-14/SRR005/077/SRR5077646.sralite.1,SRX2396389,,ChIP-Seq,ChIP,GENOMIC,SINGLE,0,0,ILLUMINA,Illumina Genome Analyzer,SRP094580,PRJNA356297,2,356297,SRS1837507,SAMN06111632,simple,10090,Mus musculus,GSM2417098,,,,,,,no,,,,,GEO,SRA500853,,public,E453716CA9ED16E02E6B0F48B79F511B,88378E49E68C47C6BA6AC8744A776F39
SRR5077647,2017-01-19 16:25:49,2016-12-05 16:39:34,168738792,8436939600,0,50,12725,,https://sra-downloadb.be-md.ncbi.nlm.nih.gov/sos5/sra-pub-zq-14/SRR005/077/SRR5077647.sralite.1,SRX2396390,,ChIP-Seq,ChIP,GENOMIC,SINGLE,0,0,ILLUMINA,Illumina Genome Analyzer,SRP094580,PRJNA356297,2,356297,SRS1837508,SAMN06111631,simple,10090,Mus musculus,GSM2417099,,,,,,,no,,,,,GEO,SRA500853,,public,DB01E0E6F8D3B2DE21636F886938AE6C,E8A6EE5BA4E2FE92BCAB86E7E949EB1B
SRR5077648,2017-01-19 16:25:49,2016-12-05 16:02:17,59404833,2970241650,0,50,4164,,https://sra-downloadb.be-md.ncbi.nlm.nih.gov/sos5/sra-pub-zq-14/SRR005/077/SRR5077648.sralite.1,SRX2396391,,ChIP-Seq,ChIP,GENOMIC,SINGLE,0,0,ILLUMINA,Illumina Genome Analyzer,SRP094580,PRJNA356297,2,356297,SRS1837509,SAMN06111630,simple,10090,Mus musculus,GSM2417100,,,,,,,no,,,,,GEO,SRA500853,,public,18E788A6BDEF1CD8AF7D289C34F7592E,1B2D9E51A2B65B7307F1A9571B0DE995
SRR5077649,2017-01-19 16:25:49,2016-12-05 16:11:46,53665937,2683296850,0,50,2795,,https://sra-downloadb.be-md.ncbi.nlm.nih.gov/sos5/sra-pub-zq-14/SRR005/077/SRR5077649.sralite.1,SRX2396392,,ChIP-Seq,ChIP,GENOMIC,SINGLE,0,0,ILLUMINA,Illumina Genome Analyzer,SRP094580,PRJNA356297,2,356297,SRS1837510,SAMN06111629,simple,10090,Mus musculus,GSM2417101,,,,,,,no,,,,,GEO,SRA500853,,public,63B507CFF4EF2F2CB59AA4546828D16C,16AB5D9F8942016D6BBAE0E615AADEED
SRR5077650,2017-01-19 16:25:49,2016-12-05 16:14:24,113918484,5695924200,0,50,5520,,https://sra-downloadb.be-md.ncbi.nlm.nih.gov/sos5/sra-pub-zq-14/SRR005/077/SRR5077650.sralite.1,SRX2396393,,ChIP-Seq,ChIP,GENOMIC,SINGLE,0,0,ILLUMINA,Illumina Genome Analyzer,SRP094580,PRJNA356297,2,356297,SRS1837511,SAMN06111628,simple,10090,Mus musculus,GSM2417102,,,,,,,no,,,,,GEO,SRA500853,,public,C4A76BE80B41749A1A2DA6E651AA6A31,D5A114E5ACD46DA568B4BED4F44F3DB5
SRR5077651,2017-01-19 16:25:49,2016-12-05 16:01:07,26470490,1323524500,0,50,1673,,https://sra-downloadb.be-md.ncbi.nlm.nih.gov/sos5/sra-pub-zq-14/SRR005/077/SRR5077651.sralite.1,SRX2396394,,ChIP-Seq,ChIP,GENOMIC,SINGLE,0,0,ILLUMINA,Illumina Genome Analyzer,SRP094580,PRJNA356297,2,356297,SRS1837512,SAMN06111627,simple,10090,Mus musculus,GSM2417103,,,,,,,no,,,,,GEO,SRA500853,,public,57B74FAE19697283BA5FB9E10C6FA1C1,505399D16A85EED38BB3BF55180250B1
SRR5077652,2017-01-19 16:25:49,2016-12-05 15:58:32,57464078,2873203900,0,50,3578,,https://sra-downloadb.be-md.ncbi.nlm.nih.gov/sos5/sra-pub-zq-14/SRR005/077/SRR5077652.sralite.1,SRX2396395,,ChIP-Seq,ChIP,GENOMIC,SINGLE,0,0,ILLUMINA,Illumina Genome Analyzer,SRP094580,PRJNA356297,2,356297,SRS1837513,SAMN06111626,simple,10090,Mus musculus,GSM2417104,,,,,,,no,,,,,GEO,SRA500853,,public,DAE4C0B25596AB8AF9B4E9322E0C582F,908DA7BE8A2137F946468365AFB7BE1F
SRR5077653,2017-01-19 16:25:49,2016-12-05 16:28:54,122992897,6149644850,0,50,9245,,https://sra-downloadb.be-md.ncbi.nlm.nih.gov/sos5/sra-pub-zq-14/SRR005/077/SRR5077653.sralite.1,SRX2396396,,ChIP-Seq,ChIP,GENOMIC,SINGLE,0,0,ILLUMINA,Illumina Genome Analyzer,SRP094580,PRJNA356297,2,356297,SRS1837514,SAMN06111625,simple,10090,Mus musculus,GSM2417105,,,,,,,no,,,,,GEO,SRA500853,,public,A5434F82002EA7DC25A5877E4CC24980,B42F5BE7C1E55DA9991F3A9F71A5AC08
SRR5077654,2017-01-19 16:25:49,2016-12-05 16:24:38,114889677,5744483850,0,50,8477,,https://sra-downloadb.be-md.ncbi.nlm.nih.gov/sos5/sra-pub-zq-14/SRR005/077/SRR5077654.sralite.1,SRX2396397,,ChIP-Seq,ChIP,GENOMIC,SINGLE,0,0,ILLUMINA,Illumina Genome Analyzer,SRP094580,PRJNA356297,2,356297,SRS1837515,SAMN06111624,simple,10090,Mus musculus,GSM2417106,,,,,,,no,,,,,GEO,SRA500853,,public,B3722C074B08D61AB74608C2DF922713,98ADAD7F6D2CABDE30DC946036CD5FFD
SRR5077655,2017-01-19 16:25:49,2016-12-05 16:54:53,186627134,9331356700,0,50,14520,,https://sra-downloadb.be-md.ncbi.nlm.nih.gov/sos5/sra-pub-zq-14/SRR005/077/SRR5077655.sralite.1,SRX2396398,,ChIP-Seq,ChIP,GENOMIC,SINGLE,0,0,ILLUMINA,Illumina Genome Analyzer,SRP094580,PRJNA356297,2,356297,SRS1837516,SAMN06111623,simple,10090,Mus musculus,GSM2417107,,,,,,,no,,,,,GEO,SRA500853,,public,873E009FBB982B4A9A752B13CBDEDDE8,61C27D87D555984EEE34CAFCDD5D799D
SRR5077656,2017-01-19 16:25:49,2016-12-05 15:59:22,42555036,2127751800,0,50,2950,,https://sra-downloadb.be-md.ncbi.nlm.nih.gov/sos5/sra-pub-zq-14/SRR005/077/SRR5077656.sralite.1,SRX2396399,,ChIP-Seq,ChIP,GENOMIC,SINGLE,0,0,ILLUMINA,Illumina Genome Analyzer,SRP094580,PRJNA356297,2,356297,SRS1837517,SAMN06111622,simple,10090,Mus musculus,GSM2417108,,,,,,,no,,,,,GEO,SRA500853,,public,C38CC15A9FA221C5457F0278B3041A99,19E6D95916B9AE0CB8A512BF300F890E
SRR5077657,2017-01-19 16:25:49,2016-12-05 16:08:05,61976971,3098848550,0,50,2924,,https://sra-downloadb.be-md.ncbi.nlm.nih.gov/sos5/sra-pub-zq-14/SRR005/077/SRR5077657.sralite.1,SRX2396400,,ChIP-Seq,ChIP,GENOMIC,SINGLE,0,0,ILLUMINA,Illumina Genome Analyzer,SRP094580,PRJNA356297,2,356297,SRS1837518,SAMN06111621,simple,10090,Mus musculus,GSM2417109,,,,,,,no,,,,,GEO,SRA500853,,public,1084B24953662725A319F19BC3867087,2B6B571D822FD2B7ED2CC5888E81B5D4
SRR5077658,2017-01-19 16:25:49,2016-12-05 16:07:39,126242759,6312137950,0,50,5903,,https://sra-downloadb.be-md.ncbi.nlm.nih.gov/sos5/sra-pub-zq-14/SRR005/077/SRR5077658.sralite.1,SRX2396401,,ChIP-Seq,ChIP,GENOMIC,SINGLE,0,0,ILLUMINA,Illumina Genome Analyzer,SRP094580,PRJNA356297,2,356297,SRS1837519,SAMN06111620,simple,10090,Mus musculus,GSM2417110,,,,,,,no,,,,,GEO,SRA500853,,public,D7788D3392AFB34BB22F4C5EF8A51A79,326B4CB504EC891A5D53A564D7B0109C
SRR5077659,2017-01-19 16:25:49,2016-12-05 16:05:43,50776665,2538833250,0,50,2955,,https://sra-downloadb.be-md.ncbi.nlm.nih.gov/sos5/sra-pub-zq-14/SRR005/077/SRR5077659.sralite.1,SRX2396402,,ChIP-Seq,ChIP,GENOMIC,SINGLE,0,0,ILLUMINA,Illumina Genome Analyzer,SRP094580,PRJNA356297,2,356297,SRS1837520,SAMN06111619,simple,10090,Mus musculus,GSM2417111,,,,,,,no,,,,,GEO,SRA500853,,public,625AB4E3A567B1DF69F275367F72F3C5,06E257B2E1A0622C242CBBB745469F92
SRR5077660,2017-01-19 16:25:49,2016-12-05 16:06:06,53448764,2672438200,0,50,3355,,https://sra-downloadb.be-md.ncbi.nlm.nih.gov/sos5/sra-pub-zq-14/SRR005/077/SRR5077660.sralite.1,SRX2396403,,ChIP-Seq,ChIP,GENOMIC,SINGLE,0,0,ILLUMINA,Illumina Genome Analyzer,SRP094580,PRJNA356297,2,356297,SRS1837521,SAMN06111618,simple,10090,Mus musculus,GSM2417112,,,,,,,no,,,,,GEO,SRA500853,,public,DB115F9D39438A5AA3814F77EE05EB9F,625121931404DD8DC3FCC96CA47B9258
SRR5077661,2017-01-19 16:25:49,2016-12-05 16:23:57,120047362,6122415462,0,51,6866,,https://sra-downloadb.be-md.ncbi.nlm.nih.gov/sos5/sra-pub-zq-14/SRR005/077/SRR5077661.sralite.1,SRX2396404,,ChIP-Seq,ChIP,GENOMIC,SINGLE,0,0,ILLUMINA,Illumina Genome Analyzer,SRP094580,PRJNA356297,2,356297,SRS1837522,SAMN06111617,simple,10090,Mus musculus,GSM2417113,,,,,,,no,,,,,GEO,SRA500853,,public,5AC5B041E7D1060EA888721E08D4B23A,FE6841788C6D27D01C87EBA8F4718BBF
SRR5077662,2017-01-19 16:25:49,2016-12-05 16:02:30,40278091,2054182641,0,51,3070,,https://sra-downloadb.be-md.ncbi.nlm.nih.gov/sos5/sra-pub-zq-14/SRR005/077/SRR5077662.sralite.1,SRX2396405,,ChIP-Seq,ChIP,GENOMIC,SINGLE,0,0,ILLUMINA,Illumina Genome Analyzer,SRP094580,PRJNA356297,2,356297,SRS1837523,SAMN06111589,simple,10090,Mus musculus,GSM2417114,,,,,,,no,,,,,GEO,SRA500853,,public,B6E0A90CDCD669FB9791E9C60891DB93,8E3375A098E57CCAAB4F6668487AE530
SRR5077663,2017-01-19 16:25:49,2016-12-05 16:11:49,55068235,2808479985,0,51,2576,,https://sra-downloadb.be-md.ncbi.nlm.nih.gov/sos5/sra-pub-zq-14/SRR005/077/SRR5077663.sralite.1,SRX2396406,,ChIP-Seq,ChIP,GENOMIC,SINGLE,0,0,ILLUMINA,Illumina Genome Analyzer,SRP094580,PRJNA356297,2,356297,SRS1837524,SAMN06111588,simple,10090,Mus musculus,GSM2417115,,,,,,,no,,,,,GEO,SRA500853,,public,26623D78573D220171362DBFFB2E4ACC,B4B9844F96E6999FA9736105A3B83458
SRR5077664,2017-01-19 16:25:49,2016-12-05 16:00:11,56490191,2880999741,0,51,2644,,https://sra-downloadb.be-md.ncbi.nlm.nih.gov/sos5/sra-pub-zq-14/SRR005/077/SRR5077664.sralite.1,SRX2396407,,ChIP-Seq,ChIP,GENOMIC,SINGLE,0,0,ILLUMINA,Illumina Genome Analyzer,SRP094580,PRJNA356297,2,356297,SRS1837525,SAMN06111587,simple,10090,Mus musculus,GSM2417116,,,,,,,no,,,,,GEO,SRA500853,,public,135292DE0866CF49FDC3CDD82B14ABD3,DDA84604E17C1DEF2199E9411109A782
SRR5077665,2017-01-19 16:25:49,2016-12-05 16:13:08,98704896,4935244800,0,50,5101,,https://sra-downloadb.be-md.ncbi.nlm.nih.gov/sos5/sra-pub-zq-14/SRR005/077/SRR5077665.sralite.1,SRX2396408,,ChIP-Seq,ChIP,GENOMIC,SINGLE,0,0,ILLUMINA,Illumina Genome Analyzer,SRP094580,PRJNA356297,2,356297,SRS1837526,SAMN06111586,simple,10090,Mus musculus,GSM2417117,,,,,,,no,,,,,GEO,SRA500853,,public,E7F4544A2DD85956627C3328394EB2E4,DCFBF72D149BAA8612EE28D3A38ECB2B
SRR5077666,2017-01-19 16:25:49,2016-12-05 19:21:23,804015418,40200770900,0,50,40539,,https://sra-downloadb.be-md.ncbi.nlm.nih.gov/sos5/sra-pub-zq-14/SRR005/077/SRR5077666.sralite.1,SRX2396409,,ChIP-Seq,ChIP,GENOMIC,SINGLE,0,0,ILLUMINA,Illumina Genome Analyzer,SRP094580,PRJNA356297,2,356297,SRS1837527,SAMN06111585,simple,10090,Mus musculus,GSM2417118,,,,,,,no,,,,,GEO,SRA500853,,public,991207EE21844D6431366DC43D8EDEC2,3DE71B2DFEB33E21B3D1557F1B479E7F
SRR5077667,2017-01-19 16:25:49,2016-12-05 17:12:55,221204255,11060212750,0,50,13093,,https://sra-downloadb.be-md.ncbi.nlm.nih.gov/sos5/sra-pub-zq-14/SRR005/077/SRR5077667.sralite.1,SRX2396410,,ChIP-Seq,ChIP,GENOMIC,SINGLE,0,0,ILLUMINA,Illumina Genome Analyzer,SRP094580,PRJNA356297,2,356297,SRS1837528,SAMN06111584,simple,10090,Mus musculus,GSM2417119,,,,,,,no,,,,,GEO,SRA500853,,public,54E5974AF587E8AA707E05A4E64B3116,42B245DB13B2402068207228ABF7DDDA
SRR5077668,2017-01-19 16:25:49,2016-12-05 17:26:39,328909594,16445479700,0,50,18725,,https://sra-downloadb.be-md.ncbi.nlm.nih.gov/sos5/sra-pub-zq-14/SRR005/077/SRR5077668.sralite.1,SRX2396411,,ChIP-Seq,ChIP,GENOMIC,SINGLE,0,0,ILLUMINA,Illumina Genome Analyzer,SRP094580,PRJNA356297,2,356297,SRS1837529,SAMN06111583,simple,10090,Mus musculus,GSM2417120,,,,,,,no,,,,,GEO,SRA500853,,public,0D9144B948404342D17C6768A9E1CADA,9B8E6BA8F7AC40427AAF87DFFA9DED01
SRR5077669,2017-01-19 16:25:49,2016-12-05 17:14:52,262336736,13116836800,0,50,18589,,https://sra-downloadb.be-md.ncbi.nlm.nih.gov/sos5/sra-pub-zq-14/SRR005/077/SRR5077669.sralite.1,SRX2396412,,ChIP-Seq,ChIP,GENOMIC,SINGLE,0,0,ILLUMINA,Illumina Genome Analyzer,SRP094580,PRJNA356297,2,356297,SRS1837530,SAMN06111582,simple,10090,Mus musculus,GSM2417121,,,,,,,no,,,,,GEO,SRA500853,,public,CA08765291F954ABF81239D64115F001,7FEB7D04CB6DF58619EFB71E552CA77F
SRR5077670,2017-01-19 16:25:49,2016-12-05 18:31:22,431064430,21553221500,0,50,35356,,https://sra-downloadb.be-md.ncbi.nlm.nih.gov/sos5/sra-pub-zq-14/SRR005/077/SRR5077670.sralite.1,SRX2396413,,ChIP-Seq,ChIP,GENOMIC,SINGLE,0,0,ILLUMINA,Illumina Genome Analyzer,SRP094580,PRJNA356297,2,356297,SRS1837531,SAMN06111581,simple,10090,Mus musculus,GSM2417122,,,,,,,no,,,,,GEO,SRA500853,,public,FFFE2C229A979894FACCECED45DEEA36,746341D1A77E974E0686FE66D8636A53
SRR5077671,2017-01-19 16:25:49,2016-12-05 17:42:12,271158335,13557916750,0,50,18569,,https://sra-downloadb.be-md.ncbi.nlm.nih.gov/sos5/sra-pub-zq-14/SRR005/077/SRR5077671.sralite.1,SRX2396414,,ChIP-Seq,ChIP,GENOMIC,SINGLE,0,0,ILLUMINA,Illumina Genome Analyzer,SRP094580,PRJNA356297,2,356297,SRS1837532,SAMN06111580,simple,10090,Mus musculus,GSM2417123,,,,,,,no,,,,,GEO,SRA500853,,public,0363A3E57E941018AB4C3A37268B4A32,769AF488EEF98AD315A09CF2E08CC985
SRR5077672,2017-01-19 16:25:49,2016-12-05 17:24:06,290037618,14501880900,0,50,20149,,https://sra-downloadb.be-md.ncbi.nlm.nih.gov/sos5/sra-pub-zq-14/SRR005/077/SRR5077672.sralite.1,SRX2396415,,ChIP-Seq,ChIP,GENOMIC,SINGLE,0,0,ILLUMINA,Illumina Genome Analyzer,SRP094580,PRJNA356297,2,356297,SRS1837533,SAMN06111579,simple,10090,Mus musculus,GSM2417124,,,,,,,no,,,,,GEO,SRA500853,,public,C66231580C0A4A83E6FCA5CE4EF7537A,E43A98A9BD13DDF6F64963B9EC1CF5EB
SRR5077673,2017-01-19 16:25:49,2016-12-05 16:22:21,66055865,3302793250,0,50,4902,,https://sra-downloadb.be-md.ncbi.nlm.nih.gov/sos5/sra-pub-zq-14/SRR005/077/SRR5077673.sralite.1,SRX2396416,,ChIP-Seq,ChIP,GENOMIC,SINGLE,0,0,ILLUMINA,Illumina Genome Analyzer,SRP094580,PRJNA356297,2,356297,SRS1837534,SAMN06111578,simple,10090,Mus musculus,GSM2417125,,,,,,,no,,,,,GEO,SRA500853,,public,8073DEF447FADA1F0A8FB8EF75A81E4A,BF097C99F5BBC2452EA8A4F887BA806F
SRR5077674,2017-01-19 16:25:49,2016-12-05 16:38:32,151202082,7560104100,0,50,9984,,https://sra-downloadb.be-md.ncbi.nlm.nih.gov/sos5/sra-pub-zq-14/SRR005/077/SRR5077674.sralite.1,SRX2396417,,ChIP-Seq,ChIP,GENOMIC,SINGLE,0,0,ILLUMINA,Illumina Genome Analyzer,SRP094580,PRJNA356297,2,356297,SRS1837535,SAMN06111577,simple,10090,Mus musculus,GSM2417126,,,,,,,no,,,,,GEO,SRA500853,,public,CA28D897163CB3895732A799093DF9DD,571774B67EF286433BB56971C79504ED
SRR5077675,2017-01-19 16:25:49,2016-12-05 16:08:54,85443776,4272188800,0,50,5039,,https://sra-downloadb.be-md.ncbi.nlm.nih.gov/sos5/sra-pub-zq-14/SRR005/077/SRR5077675.sralite.1,SRX2396418,,ChIP-Seq,ChIP,GENOMIC,SINGLE,0,0,ILLUMINA,Illumina Genome Analyzer,SRP094580,PRJNA356297,2,356297,SRS1837536,SAMN06111576,simple,10090,Mus musculus,GSM2417127,,,,,,,no,,,,,GEO,SRA500853,,public,C85D20026423F11D255A6B55494C5DF7,CB4DAD25FB6ABF9D859DCFF2D4D99D93
SRR5077676,2017-01-19 16:25:49,2016-12-05 16:24:21,76371978,3818598900,0,50,5397,,https://sra-downloadb.be-md.ncbi.nlm.nih.gov/sos5/sra-pub-zq-14/SRR005/077/SRR5077676.sralite.1,SRX2396419,,ChIP-Seq,ChIP,GENOMIC,SINGLE,0,0,ILLUMINA,Illumina Genome Analyzer,SRP094580,PRJNA356297,2,356297,SRS1837537,SAMN06111575,simple,10090,Mus musculus,GSM2417128,,,,,,,no,,,,,GEO,SRA500853,,public,8598F61A80229519C6C5FB7C0C333E88,185D11CA8464EB09EEA4D76B39686CC8
SRR5077677,2017-01-19 16:25:49,2016-12-05 16:21:46,107611714,5427666150,0,50,7029,,https://sra-downloadb.be-md.ncbi.nlm.nih.gov/sos5/sra-pub-zq-14/SRR005/077/SRR5077677.sralite.1,SRX2396420,,ChIP-Seq,ChIP,GENOMIC,SINGLE,0,0,ILLUMINA,Illumina Genome Analyzer,SRP094580,PRJNA356297,2,356297,SRS1837538,SAMN06111574,simple,10090,Mus musculus,GSM2417129,,,,,,,no,,,,,GEO,SRA500853,,public,6B48C62C3C8694F035C94791CD0E3F4A,16D05D62F1F1D45212DA51804CBE034E
SRR5077678,2017-01-19 16:25:49,2016-12-05 16:12:56,99694249,4984712450,0,50,5525,,https://sra-downloadb.be-md.ncbi.nlm.nih.gov/sos5/sra-pub-zq-14/SRR005/077/SRR5077678.sralite.1,SRX2396421,,ChIP-Seq,ChIP,GENOMIC,SINGLE,0,0,ILLUMINA,Illumina Genome Analyzer,SRP094580,PRJNA356297,2,356297,SRS1837539,SAMN06111573,simple,10090,Mus musculus,GSM2417130,,,,,,,no,,,,,GEO,SRA500853,,public,2AC3C0C208EC39D1221C0663A6FB29DC,6A89C86C3046F5034CACB828AD3FBAF8
SRR5077679,2017-01-19 16:25:49,2016-12-05 16:18:50,128076842,6403842100,0,50,7196,,https://sra-downloadb.be-md.ncbi.nlm.nih.gov/sos5/sra-pub-zq-14/SRR005/077/SRR5077679.sralite.1,SRX2396422,,ChIP-Seq,ChIP,GENOMIC,SINGLE,0,0,ILLUMINA,Illumina Genome Analyzer,SRP094580,PRJNA356297,2,356297,SRS1837540,SAMN06111572,simple,10090,Mus musculus,GSM2417131,,,,,,,no,,,,,GEO,SRA500853,,public,BFF79EB7FED49143962A40D9D3C0AC2C,D4A29F3C03A11705D95ACA2A0425C941
SRR5077680,2017-01-19 16:25:49,2016-12-05 17:03:25,229264095,11463204750,0,50,18146,,https://sra-downloadb.be-md.ncbi.nlm.nih.gov/sos5/sra-pub-zq-14/SRR005/077/SRR5077680.sralite.1,SRX2396423,,ChIP-Seq,ChIP,GENOMIC,SINGLE,0,0,ILLUMINA,Illumina Genome Analyzer,SRP094580,PRJNA356297,2,356297,SRS1837541,SAMN06111571,simple,10090,Mus musculus,GSM2417132,,,,,,,no,,,,,GEO,SRA500853,,public,7969E55532BA4C8366A621BD92512271,C5717D8ED49E89AB28CD84C7F0B81A5E
SRR5077681,2017-01-19 16:25:49,2016-12-05 16:14:40,90944836,4547241800,0,50,5405,,https://sra-downloadb.be-md.ncbi.nlm.nih.gov/sos5/sra-pub-zq-14/SRR005/077/SRR5077681.sralite.1,SRX2396424,,ChIP-Seq,ChIP,GENOMIC,SINGLE,0,0,ILLUMINA,Illumina Genome Analyzer,SRP094580,PRJNA356297,2,356297,SRS1837542,SAMN06111570,simple,10090,Mus musculus,GSM2417133,,,,,,,no,,,,,GEO,SRA500853,,public,CDF510B7EF581B029C26279A44599681,35D0A90D6380F4889A12EBFC4BABDD12
SRR5077682,2017-01-19 16:25:49,2016-12-05 16:10:34,41108939,2055446950,0,50,2819,,https://sra-downloadb.be-md.ncbi.nlm.nih.gov/sos5/sra-pub-zq-14/SRR005/077/SRR5077682.sralite.1,SRX2396425,,ChIP-Seq,ChIP,GENOMIC,SINGLE,0,0,ILLUMINA,Illumina Genome Analyzer,SRP094580,PRJNA356297,2,356297,SRS1837543,SAMN06111569,simple,10090,Mus musculus,GSM2417134,,,,,,,no,,,,,GEO,SRA500853,,public,0D448812624514F50DE9CD755AF9D646,58AFA612C618D0AD954824344FC46645
SRR5077683,2017-01-19 16:25:49,2016-12-05 16:04:17,48057226,2402861300,0,50,3269,,https://sra-downloadb.be-md.ncbi.nlm.nih.gov/sos5/sra-pub-zq-14/SRR005/077/SRR5077683.sralite.1,SRX2396426,,ChIP-Seq,ChIP,GENOMIC,SINGLE,0,0,ILLUMINA,Illumina Genome Analyzer,SRP094580,PRJNA356297,2,356297,SRS1837544,SAMN06111568,simple,10090,Mus musculus,GSM2417135,,,,,,,no,,,,,GEO,SRA500853,,public,28370B04AFAC0B917B174D2C0D1B532E,D0F177F07C3F06B9D6041624910626B9
SRR5077684,2017-01-19 16:25:49,2016-12-05 17:00:16,210313480,10515674000,0,50,16123,,https://sra-downloadb.be-md.ncbi.nlm.nih.gov/sos5/sra-pub-zq-14/SRR005/077/SRR5077684.sralite.1,SRX2396427,,ChIP-Seq,ChIP,GENOMIC,SINGLE,0,0,ILLUMINA,Illumina Genome Analyzer,SRP094580,PRJNA356297,2,356297,SRS1837545,SAMN06111567,simple,10090,Mus musculus,GSM2417136,,,,,,,no,,,,,GEO,SRA500853,,public,DDC7103656B099295A71F523BD6A6B2F,6503AD8B5362FB622B3F595EE0E19606
SRR5077685,2017-01-19 16:25:49,2016-12-05 16:20:25,94507548,4725377400,0,50,5838,,https://sra-downloadb.be-md.ncbi.nlm.nih.gov/sos5/sra-pub-zq-14/SRR005/077/SRR5077685.sralite.1,SRX2396428,,ChIP-Seq,ChIP,GENOMIC,SINGLE,0,0,ILLUMINA,Illumina Genome Analyzer,SRP094580,PRJNA356297,2,356297,SRS1837546,SAMN06111566,simple,10090,Mus musculus,GSM2417137,,,,,,,no,,,,,GEO,SRA500853,,public,F11061D19C4D4B9F6ECF55ADB01E7FF9,8FA52116A9F79455417205DF1BE0D5C3
SRR5077686,2017-01-19 16:25:49,2016-12-05 16:05:50,46778648,2385711048,0,51,2200,,https://sra-downloadb.be-md.ncbi.nlm.nih.gov/sos5/sra-pub-zq-14/SRR005/077/SRR5077686.sralite.1,SRX2396429,,ChIP-Seq,ChIP,GENOMIC,SINGLE,0,0,ILLUMINA,Illumina Genome Analyzer,SRP094580,PRJNA356297,2,356297,SRS1837547,SAMN06111565,simple,10090,Mus musculus,GSM2417138,,,,,,,no,,,,,GEO,SRA500853,,public,42D5A27E9C48B8F2B48AD9B892F23AE3,78E09F516FB9C5E60CC259AA6621B12F
SRR5077687,2017-01-19 16:25:49,2016-12-05 16:13:40,71043806,3623234106,0,51,3338,,https://sra-downloadb.be-md.ncbi.nlm.nih.gov/sos5/sra-pub-zq-14/SRR005/077/SRR5077687.sralite.1,SRX2396430,,ChIP-Seq,ChIP,GENOMIC,SINGLE,0,0,ILLUMINA,Illumina Genome Analyzer,SRP094580,PRJNA356297,2,356297,SRS1837548,SAMN06111564,simple,10090,Mus musculus,GSM2417139,,,,,,,no,,,,,GEO,SRA500853,,public,75B8C491C930F75D3D4EA39AD6861284,7E78C1E1D6090CA8B991968DCB71C273
SRR5077688,2017-01-19 16:25:49,2016-12-05 16:04:03,50886248,2595198648,0,51,2409,,https://sra-downloadb.be-md.ncbi.nlm.nih.gov/sos5/sra-pub-zq-14/SRR005/077/SRR5077688.sralite.1,SRX2396431,,ChIP-Seq,ChIP,GENOMIC,SINGLE,0,0,ILLUMINA,Illumina Genome Analyzer,SRP094580,PRJNA356297,2,356297,SRS1837549,SAMN06111563,simple,10090,Mus musculus,GSM2417140,,,,,,,no,,,,,GEO,SRA500853,,public,7D6D23306F7C16CB65D6E51D4AD8C45B,F25DA3FC738DAC03D01770EB7AA46D03
SRR5077689,2017-01-19 16:25:49,2016-12-05 16:05:18,51463933,2624660583,0,51,2446,,https://sra-downloadb.be-md.ncbi.nlm.nih.gov/sos5/sra-pub-zq-14/SRR005/077/SRR5077689.sralite.1,SRX2396432,,ChIP-Seq,ChIP,GENOMIC,SINGLE,0,0,ILLUMINA,Illumina Genome Analyzer,SRP094580,PRJNA356297,2,356297,SRS1837550,SAMN06111562,simple,10090,Mus musculus,GSM2417141,,,,,,,no,,,,,GEO,SRA500853,,public,5336859774E589B57B9CBE20AD1E0D54,5A56EFE8CFA3946B0D1E5A233C339993
SRR5077690,2017-01-19 16:25:49,2016-12-05 16:35:11,137768281,6888414050,0,50,9797,,https://sra-downloadb.be-md.ncbi.nlm.nih.gov/sos5/sra-pub-zq-14/SRR005/077/SRR5077690.sralite.1,SRX2396433,,ChIP-Seq,ChIP,GENOMIC,SINGLE,0,0,ILLUMINA,Illumina Genome Analyzer,SRP094580,PRJNA356297,2,356297,SRS1837554,SAMN06111561,simple,10090,Mus musculus,GSM2417142,,,,,,,no,,,,,GEO,SRA500853,,public,5D596D23C38DD0768031043FA961181E,5C2979091B72E775D04900ACDA288316
SRR5077691,2017-01-19 16:25:49,2016-12-05 16:40:20,152982450,7649122500,0,50,10849,,https://sra-downloadb.be-md.ncbi.nlm.nih.gov/sos5/sra-pub-zq-14/SRR005/077/SRR5077691.sralite.1,SRX2396434,,ChIP-Seq,ChIP,GENOMIC,SINGLE,0,0,ILLUMINA,Illumina Genome Analyzer,SRP094580,PRJNA356297,2,356297,SRS1837551,SAMN06111560,simple,10090,Mus musculus,GSM2417143,,,,,,,no,,,,,GEO,SRA500853,,public,F6153297AA353E8CE61045BFDCEBAC53,D56B9BDF7003DD4B3EA2476B1356C960
SRR5077692,2017-01-19 16:25:49,2016-12-05 16:53:30,214747357,10737367850,0,50,16512,,https://sra-downloadb.be-md.ncbi.nlm.nih.gov/sos5/sra-pub-zq-14/SRR005/077/SRR5077692.sralite.1,SRX2396435,,ChIP-Seq,ChIP,GENOMIC,SINGLE,0,0,ILLUMINA,Illumina Genome Analyzer,SRP094580,PRJNA356297,2,356297,SRS1837552,SAMN06111559,simple,10090,Mus musculus,GSM2417144,,,,,,,no,,,,,GEO,SRA500853,,public,E63538E9113CD5E27086A7C931F75FC4,9B1BB0829460BCDEC5C3734AC618D667
SRR5077693,2017-01-19 16:25:49,2016-12-05 16:22:52,69056350,3452817500,0,50,4398,,https://sra-downloadb.be-md.ncbi.nlm.nih.gov/sos5/sra-pub-zq-14/SRR005/077/SRR5077693.sralite.1,SRX2396436,,ChIP-Seq,ChIP,GENOMIC,SINGLE,0,0,ILLUMINA,Illumina Genome Analyzer,SRP094580,PRJNA356297,2,356297,SRS1837553,SAMN06111558,simple,10090,Mus musculus,GSM2417145,,,,,,,no,,,,,GEO,SRA500853,,public,40893D12F8B8586F9949C2BC789FFECD,EEC1A1CD1A09EBA17AF42BDBFC70ADFC
SRR5077694,2017-01-19 16:25:49,2016-12-05 16:20:14,88394154,4508101854,0,51,4455,,https://sra-downloadb.be-md.ncbi.nlm.nih.gov/sos5/sra-pub-zq-14/SRR005/077/SRR5077694.sralite.1,SRX2396437,,ChIP-Seq,ChIP,GENOMIC,SINGLE,0,0,ILLUMINA,Illumina Genome Analyzer,SRP094580,PRJNA356297,2,356297,SRS1837555,SAMN06111557,simple,10090,Mus musculus,GSM2417146,,,,,,,no,,,,,GEO,SRA500853,,public,51BAD4B9E4616A6A8FA2B722DBEB661A,EE53C9B586635D88CF28DCB38C7ED6F8
SRR5077695,2017-01-19 16:25:49,2016-12-05 17:19:13,65942856,3363085656,0,51,3228,,https://sra-downloadb.be-md.ncbi.nlm.nih.gov/sos5/sra-pub-zq-14/SRR005/077/SRR5077695.sralite.1,SRX2396438,,ChIP-Seq,ChIP,GENOMIC,SINGLE,0,0,ILLUMINA,Illumina Genome Analyzer,SRP094580,PRJNA356297,2,356297,SRS1837556,SAMN06111556,simple,10090,Mus musculus,GSM2417147,,,,,,,no,,,,,GEO,SRA500853,,public,6C1BA4DC08D4F987AF13B2D7CD2CC087,62D285EFA258845BD4626E3EC0D7AD56
SRR5077696,2017-01-19 16:25:49,2016-12-05 15:58:53,32547438,1659919338,0,51,1546,,https://sra-downloadb.be-md.ncbi.nlm.nih.gov/sos5/sra-pub-zq-14/SRR005/077/SRR5077696.sralite.1,SRX2396439,,ChIP-Seq,ChIP,GENOMIC,SINGLE,0,0,ILLUMINA,Illumina Genome Analyzer,SRP094580,PRJNA356297,2,356297,SRS1837557,SAMN06111555,simple,10090,Mus musculus,GSM2417148,,,,,,,no,,,,,GEO,SRA500853,,public,CC006A8161C8AB0502FE59D8BF9687E7,D326DD8233BFCC974637653A9FEF0614
SRR5077697,2017-01-19 16:25:49,2016-12-05 16:06:35,91707487,4677081837,0,51,4801,,https://sra-downloadb.be-md.ncbi.nlm.nih.gov/sos5/sra-pub-zq-14/SRR005/077/SRR5077697.sralite.1,SRX2396440,,ChIP-Seq,ChIP,GENOMIC,SINGLE,0,0,ILLUMINA,Illumina Genome Analyzer,SRP094580,PRJNA356297,2,356297,SRS1837558,SAMN06111554,simple,10090,Mus musculus,GSM2417149,,,,,,,no,,,,,GEO,SRA500853,,public,1BFE6C516FFC7670A2C1576941BBA0E2,121225CCE888A9847BC937D7C94FF8B4
SRR5077698,2017-01-19 16:25:49,2016-12-05 16:03:51,48496911,2473342461,0,51,2394,,https://sra-downloadb.be-md.ncbi.nlm.nih.gov/sos5/sra-pub-zq-14/SRR005/077/SRR5077698.sralite.1,SRX2396441,,ChIP-Seq,ChIP,GENOMIC,SINGLE,0,0,ILLUMINA,Illumina Genome Analyzer,SRP094580,PRJNA356297,2,356297,SRS1837560,SAMN06111553,simple,10090,Mus musculus,GSM2417150,,,,,,,no,,,,,GEO,SRA500853,,public,E70AABD5FCB98A37813839D4D62522E5,DB7A096D35CD27AB70C0D7FA087D6549
SRR5077699,2017-01-19 16:25:49,2016-12-05 16:03:00,60950377,3108469227,0,51,3021,,https://sra-downloadb.be-md.ncbi.nlm.nih.gov/sos5/sra-pub-zq-14/SRR005/077/SRR5077699.sralite.1,SRX2396442,,ChIP-Seq,ChIP,GENOMIC,SINGLE,0,0,ILLUMINA,Illumina Genome Analyzer,SRP094580,PRJNA356297,2,356297,SRS1837559,SAMN06111552,simple,10090,Mus musculus,GSM2417151,,,,,,,no,,,,,GEO,SRA500853,,public,88895CF0A46DE42271A795A9F4F0E323,5FDD33DE2DC8720F07FC0984E250064E
SRR5077700,2017-01-19 16:25:49,2016-12-05 15:55:40,32654969,1665403419,0,51,1502,,https://sra-downloadb.be-md.ncbi.nlm.nih.gov/sos5/sra-pub-zq-14/SRR005/077/SRR5077700.sralite.1,SRX2396443,,ChIP-Seq,ChIP,GENOMIC,SINGLE,0,0,ILLUMINA,Illumina Genome Analyzer,SRP094580,PRJNA356297,2,356297,SRS1837561,SAMN06111548,simple,10090,Mus musculus,GSM2417152,,,,,,,no,,,,,GEO,SRA500853,,public,EE7E1E9A601CE9D483B90B6C12168ECB,C73AB46D3B70546CD0FCC0EBE9482AA0
SRR5077701,2017-01-19 16:25:49,2016-12-05 16:04:31,58487311,2982852861,0,51,2972,,https://sra-downloadb.be-md.ncbi.nlm.nih.gov/sos5/sra-pub-zq-14/SRR005/077/SRR5077701.sralite.1,SRX2396444,,ChIP-Seq,ChIP,GENOMIC,SINGLE,0,0,ILLUMINA,Illumina Genome Analyzer,SRP094580,PRJNA356297,2,356297,SRS1837562,SAMN06111547,simple,10090,Mus musculus,GSM2417153,,,,,,,no,,,,,GEO,SRA500853,,public,BD273B4394A7DC96FA90ACC79589B6DE,5C0FA42404877E1CE091D44CE6AA748C
SRR5077702,2017-01-19 16:25:49,2016-12-05 16:02:21,66383602,3385563702,0,51,3127,,https://sra-downloadb.be-md.ncbi.nlm.nih.gov/sos5/sra-pub-zq-14/SRR005/077/SRR5077702.sralite.1,SRX2396445,,ChIP-Seq,ChIP,GENOMIC,SINGLE,0,0,ILLUMINA,Illumina Genome Analyzer,SRP094580,PRJNA356297,2,356297,SRS1837563,SAMN06111546,simple,10090,Mus musculus,GSM2417154,,,,,,,no,,,,,GEO,SRA500853,,public,32965297634951274E0A05938AA0B76C,0739BDA9E697F761F9897E78707B63DD
SRR5077703,2017-01-19 16:25:49,2016-12-05 15:57:15,34910143,1780417293,0,51,1725,,https://sra-downloadb.be-md.ncbi.nlm.nih.gov/sos5/sra-pub-zq-14/SRR005/077/SRR5077703.sralite.1,SRX2396446,,ChIP-Seq,ChIP,GENOMIC,SINGLE,0,0,ILLUMINA,Illumina Genome Analyzer,SRP094580,PRJNA356297,2,356297,SRS1837564,SAMN06111545,simple,10090,Mus musculus,GSM2417155,,,,,,,no,,,,,GEO,SRA500853,,public,F4EFAC1743FE7133E0D85A3870F9921D,04224E5C882F638BDCE3009358DFEB5D
SRR5077704,2017-01-19 16:25:49,2016-12-05 15:59:57,50662175,2583770925,0,51,2637,,https://sra-downloadb.be-md.ncbi.nlm.nih.gov/sos5/sra-pub-zq-14/SRR005/077/SRR5077704.sralite.1,SRX2396447,,ChIP-Seq,ChIP,GENOMIC,SINGLE,0,0,ILLUMINA,Illumina Genome Analyzer,SRP094580,PRJNA356297,2,356297,SRS1837565,SAMN06111551,simple,10090,Mus musculus,GSM2417156,,,,,,,no,,,,,GEO,SRA500853,,public,9EB0C2F93392D624CBEA944B38C4AB0C,B2A9E5DECFA4A5F6B486E0246E079A1E
SRR5077705,2017-01-19 16:25:49,2016-12-05 16:01:39,40029534,2041506234,0,51,2130,,https://sra-downloadb.be-md.ncbi.nlm.nih.gov/sos5/sra-pub-zq-14/SRR005/077/SRR5077705.sralite.1,SRX2396448,,ChIP-Seq,ChIP,GENOMIC,SINGLE,0,0,ILLUMINA,Illumina Genome Analyzer,SRP094580,PRJNA356297,2,356297,SRS1837566,SAMN06111550,simple,10090,Mus musculus,GSM2417157,,,,,,,no,,,,,GEO,SRA500853,,public,21D0CAF54F08AAF7D9E882990AC2004E,F5BE398D36716B629BB501726714FAF5
SRR5077706,2017-01-19 16:25:49,2016-12-05 15:59:36,39416887,2010261237,0,51,1901,,https://sra-downloadb.be-md.ncbi.nlm.nih.gov/sos5/sra-pub-zq-14/SRR005/077/SRR5077706.sralite.1,SRX2396449,,ChIP-Seq,ChIP,GENOMIC,SINGLE,0,0,ILLUMINA,Illumina Genome Analyzer,SRP094580,PRJNA356297,2,356297,SRS1837568,SAMN06111549,simple,10090,Mus musculus,GSM2417158,,,,,,,no,,,,,GEO,SRA500853,,public,73FA21E09485659DA8D3518224BD8F94,998482637E6F4A2E22367A7DBC507396
SRR5077707,2017-01-19 16:25:49,2016-12-05 15:57:51,21877962,1115776062,0,51,1168,,https://sra-downloadb.be-md.ncbi.nlm.nih.gov/sos5/sra-pub-zq-14/SRR005/077/SRR5077707.sralite.1,SRX2396450,,ChIP-Seq,ChIP,GENOMIC,SINGLE,0,0,ILLUMINA,Illumina Genome Analyzer,SRP094580,PRJNA356297,2,356297,SRS1837567,SAMN06111544,simple,10090,Mus musculus,GSM2417159,,,,,,,no,,,,,GEO,SRA500853,,public,EE60C795672E55F338D165EA531B4FB5,AD69428F0308DF0F7B6CA4C166CCDA06
SRR5077708,2017-01-19 16:25:49,2016-12-05 16:00:57,40452399,2063072349,0,51,2096,,https://sra-downloadb.be-md.ncbi.nlm.nih.gov/sos5/sra-pub-zq-14/SRR005/077/SRR5077708.sralite.1,SRX2396451,,ChIP-Seq,ChIP,GENOMIC,SINGLE,0,0,ILLUMINA,Illumina Genome Analyzer,SRP094580,PRJNA356297,2,356297,SRS1837569,SAMN06111543,simple,10090,Mus musculus,GSM2417160,,,,,,,no,,,,,GEO,SRA500853,,public,6C374FEABF4C69201DE7B64A0AB624C7,B0A471733EFEF9226D1E3F1095314D2F
SRR5077709,2017-01-19 16:25:49,2016-12-05 15:54:42,21010587,1071539937,0,51,1028,,https://sra-downloadb.be-md.ncbi.nlm.nih.gov/sos5/sra-pub-zq-14/SRR005/077/SRR5077709.sralite.1,SRX2396452,,ChIP-Seq,ChIP,GENOMIC,SINGLE,0,0,ILLUMINA,Illumina Genome Analyzer,SRP094580,PRJNA356297,2,356297,SRS1837570,SAMN06111542,simple,10090,Mus musculus,GSM2417161,,,,,,,no,,,,,GEO,SRA500853,,public,59E4037EFD87368D1562D984C1E287B1,E4E4AE8297D194999675D5E5F7F068B2
SRR5077710,2017-01-19 16:25:49,2016-12-05 16:01:03,64124828,3270366228,0,51,3187,,https://sra-downloadb.be-md.ncbi.nlm.nih.gov/sos5/sra-pub-zq-14/SRR005/077/SRR5077710.sralite.1,SRX2396453,,ChIP-Seq,ChIP,GENOMIC,SINGLE,0,0,ILLUMINA,Illumina Genome Analyzer,SRP094580,PRJNA356297,2,356297,SRS1837571,SAMN06111541,simple,10090,Mus musculus,GSM2417162,,,,,,,no,,,,,GEO,SRA500853,,public,BEFD4FE81103A0B3E29F350E995BC65D,1BD958CF7D76E90E652DD54F2E363321
SRR5077711,2017-01-19 16:25:49,2016-12-05 15:58:12,41634566,2123362866,0,51,2157,,https://sra-downloadb.be-md.ncbi.nlm.nih.gov/sos5/sra-pub-zq-14/SRR005/077/SRR5077711.sralite.1,SRX2396454,,ChIP-Seq,ChIP,GENOMIC,SINGLE,0,0,ILLUMINA,Illumina Genome Analyzer,SRP094580,PRJNA356297,2,356297,SRS1837572,SAMN06111540,simple,10090,Mus musculus,GSM2417163,,,,,,,no,,,,,GEO,SRA500853,,public,8CF3F877A09F3645BBBF8E4A68E43A80,590D8C1FE9560DA9CE12D3F42B3FFBDF
SRR5077712,2017-01-19 16:25:49,2016-12-05 15:59:26,39198827,1999140177,0,51,1889,,https://sra-downloadb.be-md.ncbi.nlm.nih.gov/sos5/sra-pub-zq-14/SRR005/077/SRR5077712.sralite.1,SRX2396455,,ChIP-Seq,ChIP,GENOMIC,SINGLE,0,0,ILLUMINA,Illumina Genome Analyzer,SRP094580,PRJNA356297,2,356297,SRS1837573,SAMN06111539,simple,10090,Mus musculus,GSM2417164,,,,,,,no,,,,,GEO,SRA500853,,public,B9898B13C612B15B48A96393E90261CB,B63FA3A3EE8B103685D0BDB0658BFE58
SRR5077713,2017-01-19 16:25:49,2016-12-05 15:55:25,20957644,1068839844,0,51,1111,,https://sra-downloadb.be-md.ncbi.nlm.nih.gov/sos5/sra-pub-zq-14/SRR005/077/SRR5077713.sralite.1,SRX2396456,,ChIP-Seq,ChIP,GENOMIC,SINGLE,0,0,ILLUMINA,Illumina Genome Analyzer,SRP094580,PRJNA356297,2,356297,SRS1837574,SAMN06111538,simple,10090,Mus musculus,GSM2417165,,,,,,,no,,,,,GEO,SRA500853,,public,D7137655310602295C6178BEBDE56EF7,617D1C01964AD983CC486466DDA96D1C
SRR5077714,2017-01-19 16:25:49,2016-12-05 16:15:29,88001281,4438994504,0,50,5269,,https://sra-downloadb.be-md.ncbi.nlm.nih.gov/sos5/sra-pub-zq-14/SRR005/077/SRR5077714.sralite.1,SRX2396457,,ChIP-Seq,ChIP,GENOMIC,SINGLE,0,0,ILLUMINA,Illumina Genome Analyzer,SRP094580,PRJNA356297,2,356297,SRS1837575,SAMN06111537,simple,10090,Mus musculus,GSM2417166,,,,,,,no,,,,,GEO,SRA500853,,public,2815E53F1D7F26767CE7818F8435B74B,11986A07E2FD685FD0BC35561DC6546D
SRR5077715,2017-01-19 16:25:49,2016-12-05 16:07:36,68053492,3470728092,0,51,3131,,https://sra-downloadb.be-md.ncbi.nlm.nih.gov/sos5/sra-pub-zq-14/SRR005/077/SRR5077715.sralite.1,SRX2396458,,ChIP-Seq,ChIP,GENOMIC,SINGLE,0,0,ILLUMINA,Illumina Genome Analyzer,SRP094580,PRJNA356297,2,356297,SRS1837576,SAMN06111536,simple,10090,Mus musculus,GSM2417167,,,,,,,no,,,,,GEO,SRA500853,,public,DDC5A0C0D72FBBE6B7E72CA98F3BDB60,131C918974CEF12E6E35F1FA19416C14
SRR5077716,2017-01-19 16:25:49,2016-12-05 15:57:28,18181144,927238344,0,51,891,,https://sra-downloadb.be-md.ncbi.nlm.nih.gov/sos5/sra-pub-zq-14/SRR005/077/SRR5077716.sralite.1,SRX2396459,,ChIP-Seq,ChIP,GENOMIC,SINGLE,0,0,ILLUMINA,Illumina Genome Analyzer,SRP094580,PRJNA356297,2,356297,SRS1837577,SAMN06111652,simple,10090,Mus musculus,GSM2417168,,,,,,,no,,,,,GEO,SRA500853,,public,494DE7B92D8A2C4FA4BA96202BBB1C5D,4C10484ACEC439F2AA67FBA4CF608622
SRR5077717,2017-01-19 16:25:49,2016-12-05 16:05:38,52381899,2619094950,0,50,3532,,https://sra-downloadb.be-md.ncbi.nlm.nih.gov/sos5/sra-pub-zq-14/SRR005/077/SRR5077717.sralite.1,SRX2396460,,ChIP-Seq,ChIP,GENOMIC,SINGLE,0,0,ILLUMINA,Illumina Genome Analyzer,SRP094580,PRJNA356297,2,356297,SRS1837578,SAMN06111651,simple,10090,Mus musculus,GSM2417169,,,,,,,no,,,,,GEO,SRA500853,,public,B4525255FDFAB9869012067F7819B4C7,150F687E6F483C6455BF2AEE3B1F082F
SRR5077718,2017-01-19 16:25:49,2016-12-05 15:59:06,40281465,2054354715,0,51,1342,,https://sra-downloadb.be-md.ncbi.nlm.nih.gov/sos5/sra-pub-zq-14/SRR005/077/SRR5077718.sralite.1,SRX2396461,,ChIP-Seq,ChIP,GENOMIC,SINGLE,0,0,ILLUMINA,Illumina Genome Analyzer,SRP094580,PRJNA356297,2,356297,SRS1837579,SAMN06111650,simple,10090,Mus musculus,GSM2417170,,,,,,,no,,,,,GEO,SRA500853,,public,81BA7CC4C5EA0B2EF511121B3B4E313E,7701EDC48108527ADD2FB96414998CDC
SRR5077719,2017-01-19 16:25:49,2016-12-05 16:05:33,78851017,4021401867,0,51,2682,,https://sra-downloadb.be-md.ncbi.nlm.nih.gov/sos5/sra-pub-zq-14/SRR005/077/SRR5077719.sralite.1,SRX2396462,,ChIP-Seq,ChIP,GENOMIC,SINGLE,0,0,ILLUMINA,Illumina Genome Analyzer,SRP094580,PRJNA356297,2,356297,SRS1837580,SAMN06111649,simple,10090,Mus musculus,GSM2417171,,,,,,,no,,,,,GEO,SRA500853,,public,F77B582A5157A73C31DE43A485A0AD92,7A664B3288AFF3D29EA5C2FD5F4C0C03
SRR5077720,2017-01-19 16:25:49,2016-12-05 16:04:37,36781344,1875848544,0,51,1817,,https://sra-downloadb.be-md.ncbi.nlm.nih.gov/sos5/sra-pub-zq-14/SRR005/077/SRR5077720.sralite.1,SRX2396463,,ChIP-Seq,ChIP,GENOMIC,SINGLE,0,0,ILLUMINA,Illumina Genome Analyzer,SRP094580,PRJNA356297,2,356297,SRS1837581,SAMN06111648,simple,10090,Mus musculus,GSM2417172,,,,,,,no,,,,,GEO,SRA500853,,public,FE74BC55FB285FE3F30CFC7D450BE544,B7F403D6C60C002B88EA058EB79CFDD7
SRR5077721,2017-01-19 16:25:49,2016-12-05 15:56:22,30243564,1542421764,0,51,1492,,https://sra-downloadb.be-md.ncbi.nlm.nih.gov/sos5/sra-pub-zq-14/SRR005/077/SRR5077721.sralite.1,SRX2396464,,ChIP-Seq,ChIP,GENOMIC,SINGLE,0,0,ILLUMINA,Illumina Genome Analyzer,SRP094580,PRJNA356297,2,356297,SRS1837582,SAMN06111647,simple,10090,Mus musculus,GSM2417173,,,,,,,no,,,,,GEO,SRA500853,,public,7D380938A793B3AF202E0107211C534C,DBE41E82DA87492A5E0B6CC81117A92E
SRR5077722,2017-01-19 16:25:49,2016-12-05 16:25:31,142512783,7268151933,0,51,4787,,https://sra-downloadb.be-md.ncbi.nlm.nih.gov/sos5/sra-pub-zq-14/SRR005/077/SRR5077722.sralite.1,SRX2396465,,ChIP-Seq,ChIP,GENOMIC,SINGLE,0,0,ILLUMINA,Illumina Genome Analyzer,SRP094580,PRJNA356297,2,356297,SRS1837585,SAMN06111616,simple,10090,Mus musculus,GSM2417174,,,,,,,no,,,,,GEO,SRA500853,,public,1F74EEDABA7DD7EB30C5EA7A1E7DD237,55C37320A68F6D98F6762E1F1E26AF46
SRR5077723,2017-01-19 16:25:49,2016-12-05 16:20:20,120844869,6163088319,0,51,4051,,https://sra-downloadb.be-md.ncbi.nlm.nih.gov/sos5/sra-pub-zq-14/SRR005/077/SRR5077723.sralite.1,SRX2396466,,ChIP-Seq,ChIP,GENOMIC,SINGLE,0,0,ILLUMINA,Illumina Genome Analyzer,SRP094580,PRJNA356297,2,356297,SRS1837584,SAMN06111615,simple,10090,Mus musculus,GSM2417175,,,,,,,no,,,,,GEO,SRA500853,,public,47428DB53EC56CCD69D8DF745FB333B0,0808728ACEF85C8C6B19BFDBA05211F6
SRR5077724,2017-01-19 16:25:49,2016-12-05 15:56:36,13841418,705912318,0,51,680,,https://sra-downloadb.be-md.ncbi.nlm.nih.gov/sos5/sra-pub-zq-14/SRR005/077/SRR5077724.sralite.1,SRX2396467,,ChIP-Seq,ChIP,GENOMIC,SINGLE,0,0,ILLUMINA,Illumina Genome Analyzer,SRP094580,PRJNA356297,2,356297,SRS1837583,SAMN06111614,simple,10090,Mus musculus,GSM2417176,,,,,,,no,,,,,GEO,SRA500853,,public,C559F20FABDAC00D91FE4AFC3D4A29FF,2CA11C00B2864BC5AC6A83041EE6460F
SRR5077725,2017-01-19 16:25:49,2016-12-05 15:54:02,15108674,770542374,0,51,744,,https://sra-downloadb.be-md.ncbi.nlm.nih.gov/sos5/sra-pub-zq-14/SRR005/077/SRR5077725.sralite.1,SRX2396468,,ChIP-Seq,ChIP,GENOMIC,SINGLE,0,0,ILLUMINA,Illumina Genome Analyzer,SRP094580,PRJNA356297,2,356297,SRS1837586,SAMN06111613,simple,10090,Mus musculus,GSM2417177,,,,,,,no,,,,,GEO,SRA500853,,public,DBFB2EA0730DC2D44F44187BD688CE24,C861D1681204EC7064AE7075D92968E1
SRR5077726,2017-01-19 16:25:49,2016-12-05 16:08:29,80209665,4090692915,0,51,3783,,https://sra-downloadb.be-md.ncbi.nlm.nih.gov/sos5/sra-pub-zq-14/SRR005/077/SRR5077726.sralite.1,SRX2396469,,ChIP-Seq,ChIP,GENOMIC,SINGLE,0,0,ILLUMINA,Illumina Genome Analyzer,SRP094580,PRJNA356297,2,356297,SRS1837587,SAMN06111612,simple,10090,Mus musculus,GSM2417178,,,,,,,no,,,,,GEO,SRA500853,,public,97AAD43B249B52C0EF6509C473646F03,5DBF2D316768E686A2800A2B8D02B762
SRR5077727,2017-01-19 16:25:49,2016-12-05 16:06:47,67363109,3435518559,0,51,2939,,https://sra-downloadb.be-md.ncbi.nlm.nih.gov/sos5/sra-pub-zq-14/SRR005/077/SRR5077727.sralite.1,SRX2396470,,ChIP-Seq,ChIP,GENOMIC,SINGLE,0,0,ILLUMINA,Illumina Genome Analyzer,SRP094580,PRJNA356297,2,356297,SRS1837589,SAMN06111611,simple,10090,Mus musculus,GSM2417179,,,,,,,no,,,,,GEO,SRA500853,,public,9B96199E3A497C45CB91C0A99521F3EF,2FFACF4A685731A248F075C1365EADD6
SRR5077728,2017-01-19 16:25:49,2016-12-05 16:05:16,63795809,3253586259,0,51,2781,,https://sra-downloadb.be-md.ncbi.nlm.nih.gov/sos5/sra-pub-zq-14/SRR005/077/SRR5077728.sralite.1,SRX2396471,,ChIP-Seq,ChIP,GENOMIC,SINGLE,0,0,ILLUMINA,Illumina Genome Analyzer,SRP094580,PRJNA356297,2,356297,SRS1837588,SAMN06111610,simple,10090,Mus musculus,GSM2417180,,,,,,,no,,,,,GEO,SRA500853,,public,839C7EAF3FB353A9BE9B4C2F0DEB1052,79D55F873C055B423F955AE99945D7B6
SRR5077729,2017-01-19 16:25:49,2016-12-05 16:06:40,63067042,3216419142,0,51,3511,,https://sra-downloadb.be-md.ncbi.nlm.nih.gov/sos5/sra-pub-zq-14/SRR005/077/SRR5077729.sralite.1,SRX2396472,,ChIP-Seq,ChIP,GENOMIC,SINGLE,0,0,ILLUMINA,Illumina Genome Analyzer,SRP094580,PRJNA356297,2,356297,SRS1837590,SAMN06111609,simple,10090,Mus musculus,GSM2417181,,,,,,,no,,,,,GEO,SRA500853,,public,6EBBD8C6715AF8A279546DB07DFF37C5,7075145AEBFFCAB6660E4529586D2FE4
SRR5077730,2017-01-19 16:25:49,2016-12-05 15:59:54,35614137,1816320987,0,51,1570,,https://sra-downloadb.be-md.ncbi.nlm.nih.gov/sos5/sra-pub-zq-14/SRR005/077/SRR5077730.sralite.1,SRX2396473,,ChIP-Seq,ChIP,GENOMIC,SINGLE,0,0,ILLUMINA,Illumina Genome Analyzer,SRP094580,PRJNA356297,2,356297,SRS1837592,SAMN06111608,simple,10090,Mus musculus,GSM2417182,,,,,,,no,,,,,GEO,SRA500853,,public,3993104CC07F926D8A6FCEA9034CE2A4,399D158240236F34618C1096392E6E72
SRR5077731,2017-01-19 16:25:49,2016-12-05 16:02:09,57723307,2943888657,0,51,2531,,https://sra-downloadb.be-md.ncbi.nlm.nih.gov/sos5/sra-pub-zq-14/SRR005/077/SRR5077731.sralite.1,SRX2396474,,ChIP-Seq,ChIP,GENOMIC,SINGLE,0,0,ILLUMINA,Illumina Genome Analyzer,SRP094580,PRJNA356297,2,356297,SRS1837591,SAMN06111607,simple,10090,Mus musculus,GSM2417183,,,,,,,no,,,,,GEO,SRA500853,,public,0328B708F47A5940279E7577597A6E70,322F6BFE1459C8D10544F27563A4FBCE
SRR5077732,2017-01-19 16:25:49,2016-12-05 16:05:42,61244286,3123458586,0,51,2664,,https://sra-downloadb.be-md.ncbi.nlm.nih.gov/sos5/sra-pub-zq-14/SRR005/077/SRR5077732.sralite.1,SRX2396475,,ChIP-Seq,ChIP,GENOMIC,SINGLE,0,0,ILLUMINA,Illumina Genome Analyzer,SRP094580,PRJNA356297,2,356297,SRS1837594,SAMN06111606,simple,10090,Mus musculus,GSM2417184,,,,,,,no,,,,,GEO,SRA500853,,public,9B369F0E17BB548AFF5F5C5FC2F106A2,131ABF3327332E2F11706654FF56FD85
SRR5077733,2017-01-19 16:25:49,2016-12-05 16:00:22,44944954,2292192654,0,51,1977,,https://sra-downloadb.be-md.ncbi.nlm.nih.gov/sos5/sra-pub-zq-14/SRR005/077/SRR5077733.sralite.1,SRX2396476,,ChIP-Seq,ChIP,GENOMIC,SINGLE,0,0,ILLUMINA,Illumina Genome Analyzer,SRP094580,PRJNA356297,2,356297,SRS1837593,SAMN06111605,simple,10090,Mus musculus,GSM2417185,,,,,,,no,,,,,GEO,SRA500853,,public,C750E43CD41D0741A32B22F92FB57FD5,1753D32FE4FC28E62158C8C06F3A8BE1
SRR5077734,2017-01-19 16:25:49,2016-12-05 15:56:06,10873426,554544726,0,51,469,,https://sra-downloadb.be-md.ncbi.nlm.nih.gov/sos5/sra-pub-zq-14/SRR005/077/SRR5077734.sralite.1,SRX2396477,,ChIP-Seq,ChIP,GENOMIC,SINGLE,0,0,ILLUMINA,Illumina Genome Analyzer,SRP094580,PRJNA356297,2,356297,SRS1837595,SAMN06111604,simple,10090,Mus musculus,GSM2417186,,,,,,,no,,,,,GEO,SRA500853,,public,FA9BBA59162C8C6DA47A4C4A114F78EF,D9C6085C9CDD1FF38F6BFDE6D78CF00F
SRR5077735,2017-01-19 16:25:49,2016-12-05 15:56:56,26411463,1346984613,0,51,1133,,https://sra-downloadb.be-md.ncbi.nlm.nih.gov/sos5/sra-pub-zq-14/SRR005/077/SRR5077735.sralite.1,SRX2396478,,ChIP-Seq,ChIP,GENOMIC,SINGLE,0,0,ILLUMINA,Illumina Genome Analyzer,SRP094580,PRJNA356297,2,356297,SRS1837598,SAMN06111603,simple,10090,Mus musculus,GSM2417187,,,,,,,no,,,,,GEO,SRA500853,,public,A673277C0A7FD7A89E9BA91DA023F3C0,356CADDBFACF1F905C1C33D73446B58B
SRR5077736,2017-01-19 16:25:49,2016-12-05 15:58:46,21926143,1118233293,0,51,949,,https://sra-downloadb.be-md.ncbi.nlm.nih.gov/sos5/sra-pub-zq-14/SRR005/077/SRR5077736.sralite.1,SRX2396479,,ChIP-Seq,ChIP,GENOMIC,SINGLE,0,0,ILLUMINA,Illumina Genome Analyzer,SRP094580,PRJNA356297,2,356297,SRS1837596,SAMN06111602,simple,10090,Mus musculus,GSM2417188,,,,,,,no,,,,,GEO,SRA500853,,public,284EB3933D4BBF6911F0B679CCCF2CE4,AB5ECF15B121527C231BE2CD50DD2A86
SRR5077737,2017-01-19 16:25:49,2016-12-05 16:12:16,119069405,6072539655,0,51,5815,,https://sra-downloadb.be-md.ncbi.nlm.nih.gov/sos5/sra-pub-zq-14/SRR005/077/SRR5077737.sralite.1,SRX2396480,,ChIP-Seq,ChIP,GENOMIC,SINGLE,0,0,ILLUMINA,Illumina Genome Analyzer,SRP094580,PRJNA356297,2,356297,SRS1837597,SAMN06111601,simple,10090,Mus musculus,GSM2417189,,,,,,,no,,,,,GEO,SRA500853,,public,076595147BC6D697B235B79B1861104B,962F0046AAA0B891EAF3C3CD740D3537
SRR5077738,2017-01-19 16:25:49,2016-12-05 16:08:46,60388602,3079818702,0,51,2918,,https://sra-downloadb.be-md.ncbi.nlm.nih.gov/sos5/sra-pub-zq-14/SRR005/077/SRR5077738.sralite.1,SRX2396481,,ChIP-Seq,ChIP,GENOMIC,SINGLE,0,0,ILLUMINA,Illumina Genome Analyzer,SRP094580,PRJNA356297,2,356297,SRS1837599,SAMN06111600,simple,10090,Mus musculus,GSM2417190,,,,,,,no,,,,,GEO,SRA500853,,public,46487BADBA627E044B5E3729037B99E9,C1A10A0238937EB55AB5C9EA195C6047
SRR5077739,2017-01-19 16:25:49,2016-12-05 15:59:48,44651781,2277240831,0,51,2138,,https://sra-downloadb.be-md.ncbi.nlm.nih.gov/sos5/sra-pub-zq-14/SRR005/077/SRR5077739.sralite.1,SRX2396482,,ChIP-Seq,ChIP,GENOMIC,SINGLE,0,0,ILLUMINA,Illumina Genome Analyzer,SRP094580,PRJNA356297,2,356297,SRS1837600,SAMN06111599,simple,10090,Mus musculus,GSM2417191,,,,,,,no,,,,,GEO,SRA500853,,public,7E1823287012584C04B1412D1AAC09FC,B53618355E7D90FC4F73461B9B0505C7
SRR5077740,2017-01-19 16:25:49,2016-12-05 16:49:55,214343891,10931538441,0,51,10609,,https://sra-downloadb.be-md.ncbi.nlm.nih.gov/sos5/sra-pub-zq-14/SRR005/077/SRR5077740.sralite.1,SRX2396483,,ChIP-Seq,ChIP,GENOMIC,SINGLE,0,0,ILLUMINA,Illumina Genome Analyzer,SRP094580,PRJNA356297,2,356297,SRS1837601,SAMN06111598,simple,10090,Mus musculus,GSM2417192,,,,,,,no,,,,,GEO,SRA500853,,public,90C44142D7DFD3640F9FCE7506F7036F,51CF8E980E659E9A35EE1F3842D9E88C
SRR5077741,2017-01-19 16:25:49,2016-12-05 16:03:00,56021346,2857088646,0,51,2618,,https://sra-downloadb.be-md.ncbi.nlm.nih.gov/sos5/sra-pub-zq-14/SRR005/077/SRR5077741.sralite.1,SRX2396484,,ChIP-Seq,ChIP,GENOMIC,SINGLE,0,0,ILLUMINA,Illumina Genome Analyzer,SRP094580,PRJNA356297,2,356297,SRS1837602,SAMN06111597,simple,10090,Mus musculus,GSM2417193,,,,,,,no,,,,,GEO,SRA500853,,public,3282C48BE418BCD1F820052931DEF36A,A3E64821F20EE9672C91DD92451F60BA
SRR5077742,2017-01-19 16:25:49,2016-12-05 16:04:06,54208841,2764650891,0,51,2348,,https://sra-downloadb.be-md.ncbi.nlm.nih.gov/sos5/sra-pub-zq-14/SRR005/077/SRR5077742.sralite.1,SRX2396485,,ChIP-Seq,ChIP,GENOMIC,SINGLE,0,0,ILLUMINA,Illumina Genome Analyzer,SRP094580,PRJNA356297,2,356297,SRS1837603,SAMN06111596,simple,10090,Mus musculus,GSM2417194,,,,,,,no,,,,,GEO,SRA500853,,public,B951AAE30CFE452425DC73CCCD63C0BA,668B75DAE8BEF8C8DECF325AA9809A4C
SRR5077743,2017-01-19 16:25:49,2016-12-05 16:04:41,40704963,2075953113,0,51,1772,,https://sra-downloadb.be-md.ncbi.nlm.nih.gov/sos5/sra-pub-zq-14/SRR005/077/SRR5077743.sralite.1,SRX2396486,,ChIP-Seq,ChIP,GENOMIC,SINGLE,0,0,ILLUMINA,Illumina Genome Analyzer,SRP094580,PRJNA356297,2,356297,SRS1837604,SAMN06111653,simple,10090,Mus musculus,GSM2417195,,,,,,,no,,,,,GEO,SRA500853,,public,6ABE7A76060F61CCC978C0CE89A5D91E,1368A0315371B4E2E3F1732379D2FF92
